U,Voxel,Ny,Cells,RPM,TSR,Cp_corr,Power_W,t_conv,t_phys
3.00000000,coarse,80,1920000,1.19999992E2,2.0944,52.1900,3280.33,100000,25.0000
