U,Voxel,Ny,Cells,RPM,TSR,Cp_corr,Cd,Power_W,t_conv,t_phys
3.00000000,fine,160,15360000,1.50000000E2,2.6180,0.9065,4.3901,56.98,43050,3.2288
